{"_class":"document","do_objectID":"538365D9-7ABB-4B77-8E21-165D0EDD29A3","assets":{"_class":"assetCollection","colors":[],"gradients":[],"imageCollection":{"_class":"imageCollection","images":{}},"images":[]},"colorSpace":0,"currentPageIndex":0,"foreignLayerStyles":[],"foreignSymbols":[],"foreignTextStyles":[],"layerStyles":{"_class":"sharedStyleContainer","objects":[]},"layerSymbols":{"_class":"symbolContainer","objects":[]},"layerTextStyles":{"_class":"sharedTextStyleContainer","objects":[]},"pages":[{"_class":"MSJSONFileReference","_ref_class":"MSImmutablePage","_ref":"pages\/B1645D39-CAD2-41BF-A577-041795841652"}],"userInfo":{"com.invisionlabs.sync":{"metadata":"{\"hasSynced\":0,\"hasProjectIdChanged\":0,\"projectId\":0,\"publicLink\":\"\",\"resolution\":2,\"syncAll\":1}"}}}