{"commit":"f4fb27389b5b49398b5ca4e4924e115e58587836","pagesAndArtboards":{"B1645D39-CAD2-41BF-A577-041795841652":{"name":"Page 1","artboards":{"97D6524D-F1F3-42FE-BD3F-597BA5546705":{"name":"Artboard"}}}},"version":112,"fonts":["Graphik-Regular","Graphik-Medium"],"compatibilityVersion":99,"app":"com.bohemiancoding.sketch3","autosaved":1,"variant":"NONAPPSTORE","created":{"commit":"f4fb27389b5b49398b5ca4e4924e115e58587836","appVersion":"52.3","build":67297,"app":"com.bohemiancoding.sketch3","compatibilityVersion":99,"version":112,"variant":"NONAPPSTORE"},"saveHistory":["NONAPPSTORE.67297"],"appVersion":"52.3","build":67297}